code,meaning
P0300,"Random/multiple cylinder misfire"
P0301,"Cylinder 1 misfire"
P0302,"Cylinder 2 misfire"
P0303,"Cylinder 3 misfire"
P0304,"Cylinder 4 misfire"
P0101,"MAF sensor range/performance"
P0171,"System too lean (bank 1)"
P0172,"System too rich (bank 1)"
P0174,"System too lean (bank 2)"
P0420,"Catalyst efficiency below threshold"
P0430,"Catalyst efficiency below threshold (bank 2)"
P0128,"Coolant thermostat below regulating temp"
P0335,"Crankshaft position sensor circuit"
P0401,"EGR flow insufficient"
P0087,"Fuel rail pressure too low"
P0299,"Turbo underboost"
P0505,"Idle control system"
P0562,"System voltage low"
P0700,"Transmission control system fault"
P0016,"Crank/cam correlation"
P0115,"Coolant temp sensor circuit"
